Comunidad Autónoma;Confirmados;Muertes;Día;Población;% de letalidad;% Población contagiada total;% Población fallecida total
Total;230698;27563.0;2020-05-17;48965550;11.947654509358555;0.47114348761527236;0.05629059614361526
La Rioja;4020;348.0;2020-05-17;319914;8.656716417910447;1.2565877079465106;0.10877923441925018
Pais Vasco;13291;1455.0;2020-05-17;2220504;10.947257542698067;0.5985578048947446;0.06552566444374791
Navarra;5137;501.0;2020-05-17;2175952;9.752773992602686;0.23608057530680823;0.023024404950109194
Murcia;1542;144.0;2020-05-17;1511251;9.33852140077821;0.10203467193735521;0.009528529675083755
Melilla;119;2.0;2020-05-17;87076;1.680672268907563;0.13666222610133677;0.0022968441361569205
Madrid;66210;8826.0;2020-05-17;6779888;13.330312641594926;0.9765648046103417;0.13017914160233915
Galicia;9041;604.0;2020-05-17;2701819;6.680676916270324;0.3346264127981926;0.0223553095155523
Cantabria;2265;206.0;2020-05-17;582905;9.094922737306844;0.38857103644676233;0.03534023554438545
Ceuta;116;4.0;2020-05-17;84202;3.4482758620689653;0.13776394859979574;0.004750480986199852
Castilla-Leon;18369;1940.0;2020-05-17;2394918;10.561271707768523;0.7669991206379508;0.08100486112676927
Castilla-La Mancha;16587;2883.0;2020-05-17;2045221;17.381081569904143;0.811012599616374;0.14096276148152204
Canarias;2284;151.0;2020-05-17;2175952;6.611208406304729;0.10496555071067744;0.00693949131230836
Valencia;10850;1365.0;2020-05-17;5057353;12.580645161290322;0.2145391077110892;0.026990403873330574
Baleares;1982;216.0;2020-05-17;1171543;10.898082744702322;0.1691785960907965;0.018437223388300727
Asturias;2366;313.0;2020-05-17;1018784;13.229078613693998;0.23223764801959984;0.030722901027106824
Andalucia;12420;1355.0;2020-05-17;8464411;10.909822866344605;0.14673200533386196;0.01600820187015966
Extremadura;2958;497.0;2020-05-17;1063987;16.80189317106153;0.2780109155469005;0.0467110970340803
Aragon;5456;838.0;2020-05-17;1329391;15.359237536656892;0.4104134900868142;0.06303638282491758
Cataluña;55685;5915.0;2020-05-17;7780479;10.622250157133879;0.7157014368909678;0.07602359700476025
Galicia;9105;613.0;2020-05-24;2701819;6.732564524986271;0.3369951873163968;0.022688418432174767
Pais Vasco;13476;1494.0;2020-05-24;2220504;11.086375779162957;0.6068892467655992;0.06728202245976589
Navarra;5219;509.0;2020-05-24;2175952;9.752826211917991;0.23984904078766445;0.023392060118973212
Murcia;1579;149.0;2020-05-24;1511251;9.436352121595947;0.10448297470109201;0.009859381399913053
Melilla;121;2.0;2020-05-24;87076;1.6528925619834711;0.13895907023749368;0.0022968441361569205
Madrid;67871;8977.0;2020-05-24;6779888;13.226562154675783;1.0010637343861728;0.13240631703650563
La Rioja;4036;358.0;2020-05-24;319914;8.870168483647175;1.2615890520577404;0.11190507448876885
Extremadura;3047;506.0;2020-05-24;1063987;16.60649819494585;0.28637567940209796;0.04755697203067331
Cantabria;2289;209.0;2020-05-24;582905;9.130624726955002;0.3926883454422247;0.03585489916881825
Cataluña;57148;6701.0;2020-05-24;7780479;11.725694687478127;0.7345049064459913;0.0861258027944038
Castilla-Leon;18789;1961.0;2020-05-24;2394918;10.436957794454202;0.7845362555210659;0.08188171787092502
Castilla-La Mancha;16889;2940.0;2020-05-24;2045221;17.40778021197229;0.8257787300247749;0.14374974635992882
Canarias;2322;157.0;2020-05-24;2175952;6.761412575366064;0.10671191276278154;0.007215232688956374
Valencia;11073;1393.0;2020-05-24;5057353;12.580149914205725;0.2189485290032157;0.02754405318355274
Baleares;2041;222.0;2020-05-24;1171543;10.87702106810387;0.17421468951630456;0.018949368482420192
Asturias;2397;308.0;2020-05-24;1018784;12.849395077179809;0.23528049125231648;0.030232119860539624
Aragon;5646;858.0;2020-05-24;1329391;15.196599362380447;0.42470574872253536;0.0645408311023619
Ceuta;124;4.0;2020-05-24;84202;3.225806451612903;0.14726491057219543;0.004750480986199852
Andalucia;12600;1391.0;2020-05-24;8464411;11.03968253968254;0.148858556135802;0.016433512030547666
Total;235772;28752.0;2020-05-24;48965550;12.19483229560762;0.4815058750488864;0.058718833955709676
Murcia;1597;148.0;2020-05-31;1511251;9.267376330619912;0.10567404091047748;0.009793211054947192
Melilla;121;2.0;2020-05-31;87076;1.6528925619834711;0.13895907023749368;0.0022968441361569205
Madrid;68830;8691.0;2020-05-31;6779888;12.626761586517507;1.0152085108190578;0.1281879582671572
Ceuta;145;4.0;2020-05-31;84202;2.7586206896551726;0.17220493574974466;0.004750480986199852
Cataluña;59013;5587.0;2020-05-31;7780479;9.467405486926609;0.7584751530079318;0.07180791825284794
Castilla-Leon;18863;1924.0;2020-05-31;2394918;10.199862164024811;0.7876261316671385;0.0803367797978887
Castilla-La Mancha;17234;2945.0;2020-05-31;2045221;17.088313798305673;0.8426473227098685;0.1439942187176838
Canarias;2345;151.0;2020-05-31;2175952;6.439232409381663;0.10776892137326559;0.00693949131230836
Valencia;11201;1332.0;2020-05-31;5057353;11.89179537541291;0.22147949727851704;0.02633788861485445
Baleares;2141;209.0;2020-05-31;1171543;9.761793554413826;0.1827504410849623;0.017839720778494685
Asturias;2424;310.0;2020-05-31;1018784;12.788778877887788;0.23793070955177936;0.030428432327166504
Aragon;5691;826.0;2020-05-31;1329391;14.514145141451415;0.4280907573467851;0.06213371385845098
Andalucia;12673;1404.0;2020-05-31;8464411;11.07867119072043;0.14972099062769992;0.016587096255132223
La Rioja;4051;361.0;2020-05-31;319914;8.911379906196;1.2662778121620186;0.11284282650962446
Cantabria;2303;202.0;2020-05-31;582905;8.771168041684758;0.3950901090229111;0.03465401737847505
Extremadura;2966;508.0;2020-05-31;1063987;17.12744436952124;0.2787628044327609;0.04774494425213842
Navarra;5254;490.0;2020-05-31;2175952;9.326227636086792;0.24145753215144453;0.022518879092921166
Total;239479;27127.0;2020-05-31;48965550;11.32750679600299;0.4890765037868461;0.05540017420410881
Pais Vasco;13508;1424.0;2020-05-31;2220504;10.541901095647024;0.6083303610351524;0.06412958499511823
Galicia;9119;609.0;2020-05-31;2701819;6.67836385568593;0.337513356742254;0.022540370024787006
Total;241550;27136.0;2020-06-07;48965550;11.23411302007866;0.4933060079995017;0.05541855447350229
Navarra;5288;490.0;2020-06-07;2175952;9.266263237518912;0.2430200666191166;0.022518879092921166
Murcia;1616;148.0;2020-06-07;1511251;9.158415841584159;0.1069312774648288;0.009793211054947192
Melilla;122;2.0;2020-06-07;87076;1.639344262295082;0.14010749230557215;0.0022968441361569205
Madrid;69641;8691.0;2020-06-07;6779888;12.479717407848824;1.027170360336336;0.1281879582671572
La Rioja;4061;362.0;2020-06-07;319914;8.914060576212755;1.2694036522315373;0.11315541051657634
Galicia;9145;609.0;2020-06-07;2701819;6.659376708583926;0.33847567139027446;0.022540370024787006
Extremadura;2977;508.0;2020-06-07;1063987;17.064158548874705;0.279796651650819;0.04774494425213842
Ceuta;163;4.0;2020-06-07;84202;2.4539877300613497;0.193582100187644;0.004750480986199852
Pais Vasco;13542;1424.0;2020-06-07;2220504;10.515433466253139;0.6098615449465526;0.06412958499511823
Castilla-Leon;19161;1928.0;2020-06-07;2394918;10.062105318094046;0.8000691464175391;0.08050380013010884
Cataluña;59209;5587.0;2020-06-07;7780479;9.436065463020824;0.7609942781157818;0.07180791825284794
Aragon;5781;826.0;2020-06-07;1329391;14.28818543504584;0.4348607745952846;0.06213371385845098
Asturias;2427;314.0;2020-06-07;1018784;12.937783271528636;0.2382251782517197;0.030821057260420264
Baleares;2125;209.0;2020-06-07;1171543;9.83529411764706;0.18138472083397708;0.017839720778494685
Andalucia;12783;1404.0;2020-06-07;8464411;10.983337244778221;0.1510205494511077;0.016587096255132223
Canarias;2369;151.0;2020-06-07;2175952;6.373997467285775;0.10887188687985765;0.00693949131230836
Cantabria;2321;202.0;2020-06-07;582905;8.703145196036191;0.3981780907695079;0.03465401737847505
Castilla-La Mancha;17505;2945.0;2020-06-07;2045221;16.823764638674664;0.8558977245001885;0.1439942187176838
Valencia;11314;1332.0;2020-06-07;5057353;11.773024571327559;0.2237138677090565;0.02633788861485445
Navarra;5311;490.0;2020-06-14;2175952;9.226134437958953;0.24407707522960065;0.022518879092921166
Murcia;1629;148.0;2020-06-14;1511251;9.085328422344997;0.10779149194938498;0.009793211054947192
Galicia;9159;609.0;2020-06-14;2701819;6.6491975106452665;0.33899384081613165;0.022540370024787006
Extremadura;2987;508.0;2020-06-14;1063987;17.00703046534985;0.2807365127581446;0.04774494425213842
Ceuta;163;4.0;2020-06-14;84202;2.4539877300613497;0.193582100187644;0.004750480986199852
Cataluña;59820;5587.0;2020-06-14;7780479;9.339685723838182;0.7688472650591307;0.07180791825284794
Castilla-Leon;19343;1928.0;2020-06-14;2394918;9.967430078064416;0.8076685715335556;0.08050380013010884
Castilla-La Mancha;17803;2945.0;2020-06-14;2045221;16.542155816435432;0.8704682770223854;0.1439942187176838
Cantabria;2334;202.0;2020-06-14;582905;8.654670094258783;0.4004082998087167;0.03465401737847505
Valencia;11404;1332.0;2020-06-14;5057353;11.680112241318836;0.22549345477762775;0.02633788861485445
Baleares;2154;209.0;2020-06-14;1171543;9.702878365831012;0.18386008878888782;0.017839720778494685
Asturias;2437;314.0;2020-06-14;1018784;12.8846942962659;0.2392067405848541;0.030821057260420264
Aragon;5840;826.0;2020-06-14;1329391;14.143835616438356;0.4392988970137454;0.06213371385845098
Andalucia;12827;1404.0;2020-06-14;8464411;10.945661495283387;0.15154037298047082;0.016587096255132223
Melilla;124;2.0;2020-06-14;87076;1.6129032258064515;0.14240433644172906;0.0022968441361569205
Canarias;2378;151.0;2020-06-14;2175952;6.349873843566022;0.10928549894482967;0.00693949131230836
La Rioja;4068;362.0;2020-06-14;319914;8.898721730580137;1.2715917402802004;0.11315541051657634
Pais Vasco;13626;1424.0;2020-06-14;2220504;10.450609129605166;0.6136444699041299;0.06412958499511823
Madrid;70521;8691.0;2020-06-14;6779888;12.323988599140682;1.040149925780485;0.1281879582671572
Total;243928;27136.0;2020-06-14;48965550;11.124594142533862;0.49816248362369053;0.05541855447350229
Cataluña;60645;5666.0;2020-06-21;7780479;9.342897188556353;0.7794507253345199;0.07282327990346096
Pais Vasco;13708;1555.0;2020-06-21;2220504;11.343740881237233;0.61733732521986;0.07002914653610172
Andalucia;12884;1426.0;2020-06-21;8464411;11.067991307047501;0.1522137807344185;0.016847008019813783
Aragon;5931;911.0;2020-06-21;1329391;15.359973023098972;0.44614413667611713;0.06852761903758939
Asturias;2435;333.0;2020-06-21;1018784;13.675564681724847;0.23901042811822723;0.032686025693375635
Baleares;2179;224.0;2020-06-21;1171543;10.279944928866453;0.18599402668105225;0.019120083513793348
Valencia;11479;1431.0;2020-06-21;5057353;12.466242704068298;0.22697644400143713;0.02829543439028282
Canarias;2414;162.0;2020-06-21;2175952;6.710853355426678;0.11093994720471775;0.007445017169496386
Total;246272;28323.0;2020-06-21;48965550;11.500698414760915;0.5029495226746151;0.05784270778128705
Cantabria;2344;216.0;2020-06-21;582905;9.215017064846416;0.4021238452234927;0.03705578095916144
Castilla-Leon;19499;2777.0;2020-06-21;2394918;14.241755987486538;0.8141823644901413;0.11595386564383416
Navarra;5381;528.0;2020-06-21;2175952;9.812302545995168;0.2472940579571608;0.02426524114502526
Ceuta;163;4.0;2020-06-21;84202;2.4539877300613497;0.193582100187644;0.004750480986199852
Extremadura;3006;519.0;2020-06-21;1063987;17.265469061876246;0.2825222488620632;0.048778791470196536
Galicia;9174;619.0;2020-06-21;2701819;6.747329409199913;0.33954902234383577;0.022910491043256414
La Rioja;4073;365.0;2020-06-21;319914;8.961453474097716;1.2731546603149597;0.11409316253743193
Madrid;71223;8416.0;2020-06-21;6779888;11.816407621133623;1.050504079123431;0.12413184406586067
Castilla-La Mancha;17965;3022.0;2020-06-21;2045221;16.82159755079321;0.8783891814136467;0.14775909302711052
Melilla;124;2.0;2020-06-21;87076;1.6129032258064515;0.14240433644172906;0.0022968441361569205
Murcia;1645;147.0;2020-06-21;1511251;8.936170212765957;0.10885021746883873;0.009727040709981333
La Rioja;4076;366.0;2020-06-28;319914;8.979391560353287;1.2740924123358153;0.1144057465443838
Castilla-Leon;19634;2783.0;2020-06-28;2394918;14.174391361923194;0.819819300702571;0.11620439614216437
Castilla-La Mancha;18094;3024.0;2020-06-28;2045221;16.71272244943075;0.8846965682437252;0.14785688197021252
Cantabria;2362;216.0;2020-06-28;582905;9.144792548687553;0.40521182697008945;0.03705578095916144
Canarias;2427;162.0;2020-06-28;2175952;6.6749072929542645;0.11153738685412178;0.007445017169496386
Valencia;11537;1432.0;2020-06-28;5057353;12.412238883591922;0.22812328900118303;0.028315207579933614
Baleares;2205;224.0;2020-06-28;1171543;10.158730158730158;0.18821332208890326;0.019120083513793348
Asturias;2435;334.0;2020-06-28;1018784;13.716632443531827;0.23901042811822723;0.032784181926689075
Aragon;6304;912.0;2020-06-28;1329391;14.467005076142131;0.4742020970504539;0.06860284145146162
Andalucia;13045;1426.0;2020-06-28;8464411;10.93139133767727;0.15411586228504262;0.016847008019813783
Extremadura;3026;519.0;2020-06-28;1063987;17.15135492399207;0.2844019710767143;0.048778791470196536
Galicia;9202;619.0;2020-06-28;2701819;6.726798522060422;0.3405853611955501;0.022910491043256414
Ceuta;163;4.0;2020-06-28;84202;2.4539877300613497;0.193582100187644;0.004750480986199852
Madrid;71881;8421.0;2020-06-28;6779888;11.715195948859922;1.0602092541941697;0.12420559159679334
Melilla;126;2.0;2020-06-28;87076;1.5873015873015872;0.14470118057788597;0.0022968441361569205
Murcia;1672;147.0;2020-06-28;1511251;8.791866028708133;0.11063681678291694;0.009727040709981333
Navarra;5459;528.0;2020-06-28;2175952;9.672101117420773;0.250878695853585;0.02426524114502526
Cataluña;61355;5669.0;2020-06-28;7780479;9.239670768478527;0.7885761275109154;0.07286183794082601
Pais Vasco;13767;1555.0;2020-06-28;2220504;11.295126026004214;0.6199943796543488;0.07002914653610172
Total;248770;28343.0;2020-06-28;48965550;11.393254813683322;0.5080510685573837;0.05788355282438368
Murcia;1697;148.0;2020-07-05;1511251;8.721272834413671;0.11229107540706341;0.009793211054947192
La Rioja;4078;366.0;2020-07-05;319914;8.974987739087789;1.274717580349719;0.1144057465443838
Galicia;9251;619.0;2020-07-05;2701819;6.691168522321911;0.3423989541860502;0.022910491043256414
Extremadura;3047;519.0;2020-07-05;1063987;17.033147358057107;0.28637567940209796;0.048778791470196536
Ceuta;163;4.0;2020-07-05;84202;2.4539877300613497;0.193582100187644;0.004750480986199852
Cataluña;62057;5673.0;2020-07-05;7780479;9.141595629824193;0.7975987082543375;0.07291324865731275
Castilla-Leon;19753;2787.0;2020-07-05;2394918;14.109249227965373;0.8247881555861203;0.11637141647438451
Madrid;72168;8439.0;2020-07-05;6779888;11.693548387096774;1.0644423624697046;0.12447108270815094
Castilla-La Mancha;18209;3026.0;2020-07-05;2045221;16.618155856993795;0.8903194324720898;0.1479546709133145
Canarias;2436;162.0;2020-07-05;2175952;6.650246305418719;0.1119509989190938;0.007445017169496386
Valencia;11630;1432.0;2020-07-05;5057353;12.31298366294067;0.22996219563870665;0.028315207579933614
Baleares;2228;224.0;2020-07-05;1171543;10.053859964093357;0.19017654494969455;0.019120083513793348
Asturias;2435;334.0;2020-07-05;1018784;13.716632443531827;0.23901042811822723;0.032784181926689075
Aragon;6412;912.0;2020-07-05;1329391;14.22333125389894;0.4823261177486533;0.06860284145146162
Andalucia;13205;1433.0;2020-07-05;8464411;10.851950018932223;0.15600612966454488;0.016929707217667005
Cantabria;2364;216.0;2020-07-05;582905;9.137055837563452;0.40555493605304466;0.03705578095916144
Melilla;126;2.0;2020-07-05;87076;1.5873015873015872;0.14470118057788597;0.0022968441361569205
Navarra;5477;528.0;2020-07-05;2175952;9.640314040533138;0.25170591998352904;0.02426524114502526
Pais Vasco;13809;1561.0;2020-07-05;2220504;11.30422188427837;0.6218858421331374;0.07029935546164294
Total;250545;28385.0;2020-07-05;48965550;11.329302121375402;0.5116760661322093;0.05796932741488659
Pais Vasco;13939;1562.0;2020-07-12;2220504;11.20596886433747;0.6277403688531973;0.07034439028256648
Galicia;9431;619.0;2020-07-12;2701819;6.563460926730993;0.3490611325184996;0.022910491043256414
Navarra;5523;528.0;2020-07-12;2175952;9.560021727322107;0.25381993720449714;0.02426524114502526
Murcia;1726;148.0;2020-07-12;1511251;8.574739281575898;0.11421001541107334;0.009793211054947192
Melilla;126;2.0;2020-07-12;87076;1.5873015873015872;0.14470118057788597;0.0022968441361569205
Madrid;72532;8441.0;2020-07-12;6779888;11.637622015110573;1.0698111827216026;0.124500581720524
La Rioja;4081;366.0;2020-07-12;319914;8.968390100465571;1.2756553323705746;0.1144057465443838
Extremadura;3106;519.0;2020-07-12;1063987;16.709594333547972;0.29192085993531874;0.048778791470196536
Cantabria;2369;216.0;2020-07-12;582905;9.117771211481637;0.4064127087604327;0.03705578095916144
Cataluña;63888;5675.0;2020-07-12;7780479;8.882732281492611;0.8211319637261407;0.07293895401555611
Castilla-Leon;19787;2792.0;2020-07-12;2394918;14.110274422600698;0.8262078284099915;0.11658019188965969
Castilla-La Mancha;18343;3029.0;2020-07-12;2045221;16.513111268603826;0.8968712916599233;0.1481013543279675
Canarias;2450;162.0;2020-07-12;2175952;6.612244897959184;0.11259439546460584;0.007445017169496386
Valencia;11740;1432.0;2020-07-12;5057353;12.197614991482112;0.23213724650029374;0.028315207579933614
Baleares;2249;224.0;2020-07-12;1171543;9.959982214317474;0.19196905277911266;0.019120083513793348
Asturias;2437;334.0;2020-07-12;1018784;13.705375461633155;0.2392067405848541;0.032784181926689075
Andalucia;13386;1435.0;2020-07-12;8464411;10.720155386224414;0.1581444946376068;0.016953335559910784
Ceuta;163;4.0;2020-07-12;84202;2.4539877300613497;0.193582100187644;0.004750480986199852
Aragon;6632;915.0;2020-07-12;1329391;13.796743063932448;0.498875048800541;0.06882850869307826
Total;253908;28403.0;2020-07-12;48965550;11.186335208028105;0.5185441601289069;0.058006087953673555
Total;260255;28420.0;2020-07-19;48965550;10.920059172734433;0.5315063345556212;0.058040806240305685
Pais Vasco;14177;1563.0;2020-07-19;2220504;11.02489948508147;0.6384586562329994;0.07038942510349001
Navarra;5708;529.0;2020-07-19;2175952;9.267694463910301;0.2623219629844776;0.02431119804113326
Murcia;1786;148.0;2020-07-19;1511251;8.286674132138858;0.11818023610902491;0.009793211054947192
Melilla;129;2.0;2020-07-19;87076;1.550387596899225;0.14814644678212135;0.0022968441361569205
Madrid;73026;8446.0;2020-07-19;6779888;11.565743707720538;1.0770974387777497;0.12457432925145666
La Rioja;4111;366.0;2020-07-19;319914;8.902943322792508;1.2850328525791306;0.1144057465443838
Galicia;9494;619.0;2020-07-19;2701819;6.519907309879924;0.35139289493485687;0.022910491043256414
Extremadura;3243;519.0;2020-07-19;1063987;16.003700277520814;0.30479695710567895;0.048778791470196536
Castilla-Leon;19870;2793.0;2020-07-19;2394918;14.056366381479618;0.8296735003035595;0.11662194697271472
Cataluña;67217;5678.0;2020-07-19;7780479;8.447267804275704;0.8639185325222265;0.07297751205292116
Ceuta;164;4.0;2020-07-19;84202;2.4390243902439024;0.19476972043419397;0.004750480986199852
Aragon;7639;915.0;2020-07-19;1329391;11.978007592616835;0.5746240195698632;0.06882850869307826
Asturias;2442;334.0;2020-07-19;1018784;13.677313677313677;0.2396975217514213;0.032784181926689075
Baleares;2290;224.0;2020-07-19;1171543;9.781659388646288;0.19546871092226234;0.019120083513793348
Andalucia;13731;1435.0;2020-07-19;8464411;10.450804748379579;0.16222038367465852;0.016953335559910784
Canarias;2483;162.0;2020-07-19;2175952;6.524365686669352;0.11411097303616992;0.007445017169496386
Cantabria;2381;217.0;2020-07-19;582905;9.113817723645527;0.40847136325816386;0.03722733550063904
Castilla-La Mancha;18431;3034.0;2020-07-19;2045221;16.461396560143235;0.901174005156411;0.14834582668572246
Valencia;11933;1432.0;2020-07-19;5057353;12.000335204893991;0.23595347210289652;0.028315207579933614
Navarra;6244;529.0;2020-07-26;2175952;8.472133247918002;0.2869548592983669;0.02431119804113326
Andalucia;14328;1436.0;2020-07-26;8464411;10.022333891680626;0.16927344383442627;0.016965149731032674
Aragon;9772;915.0;2020-07-26;1329391;9.363487515349979;0.7350734283593013;0.06882850869307826
Asturias;2454;334.0;2020-07-26;1018784;13.610431947840262;0.2408753965511826;0.032784181926689075
Baleares;2343;224.0;2020-07-26;1171543;9.560392658984208;0.19999265925365095;0.019120083513793348
Valencia;12442;1433.0;2020-07-26;5057353;11.517440925896159;0.24601802563514946;0.028334980769584406
Canarias;2578;162.0;2020-07-26;2175952;6.283941039565555;0.11847687816643014;0.007445017169496386
Cantabria;2419;217.0;2020-07-26;582905;8.970649028524184;0.4149904358343126;0.03722733550063904
Castilla-La Mancha;18539;3032.0;2020-07-26;2045221;16.354711688872108;0.9064546080839185;0.1482480377426205
Castilla-Leon;20017;2796.0;2020-07-26;2394918;13.968127091971825;0.8358114975126497;0.11674721222187984
Cataluña;72919;5680.0;2020-07-26;7780479;7.789465022833555;0.937204508874068;0.07300321741116453
Ceuta;164;4.0;2020-07-26;84202;2.4390243902439024;0.19476972043419397;0.004750480986199852
Extremadura;3302;519.0;2020-07-26;1063987;15.717746820109024;0.31034213763889973;0.048778791470196536
Galicia;9584;619.0;2020-07-26;2701819;6.458681135225375;0.3547239841010815;0.022910491043256414
La Rioja;4169;366.0;2020-07-26;319914;8.779083713120652;1.303162724982339;0.1144057465443838
Melilla;129;2.0;2020-07-26;87076;1.550387596899225;0.14814644678212135;0.0022968441361569205
Madrid;73944;8450.0;2020-07-26;6779888;11.427566807313642;1.090637485456987;0.1246333272762028
Pais Vasco;15086;1566.0;2020-07-26;2220504;10.38048521808299;0.6793953084524955;0.07052452956626064
Total;272421;28432.0;2020-07-26;48965550;10.436787178668311;0.5563523742712989;0.05806531326616366
Murcia;1988;148.0;2020-07-26;1511251;7.44466800804829;0.13154664579212852;0.009793211054947192
Melilla;132;2.0;2020-08-02;87076;1.5151515151515151;0.15159171298635674;0.0022968441361569205
Madrid;76145;8453.0;2020-08-02;6779888;11.101188521899008;1.1231011485735458;0.1246775757947624
La Rioja;4200;366.0;2020-08-02;319914;8.714285714285714;1.312852829197847;0.1144057465443838
Galicia;9717;619.0;2020-08-02;2701819;6.370278892662344;0.3596465936467247;0.022910491043256414
Extremadura;3373;520.0;2020-08-02;1063987;15.416543136673585;0.3170151515009112;0.04887277758092909
Ceuta;166;4.0;2020-08-02;84202;2.4096385542168677;0.1971449609272939;0.004750480986199852
Cataluña;79324;5686.0;2020-08-02;7780479;7.168070193131965;1.0195259186484533;0.07308033348589464
Castilla-Leon;20310;2798.0;2020-08-02;2394918;13.77646479566716;0.8480457368477752;0.1168307223879899
Cantabria;2469;217.0;2020-08-02;582905;8.788983394086674;0.4235681629081926;0.03722733550063904
Canarias;2631;162.0;2020-08-02;2175952;6.1573546180159635;0.12091259366015426;0.007445017169496386
Valencia;13318;1436.0;2020-08-02;5057353;10.782399759723683;0.2633393397692429;0.02839430033853678
Baleares;2545;224.0;2020-08-02;1171543;8.801571709233793;0.2172348774223396;0.019120083513793348
Asturias;2516;334.0;2020-08-02;1018784;13.27503974562798;0.2469610830166159;0.032784181926689075
Aragon;12685;915.0;2020-08-02;1329391;7.213243988963343;0.9541963199690685;0.06882850869307826
Andalucia;15107;1435.0;2020-08-02;8464411;9.498907791090224;0.17847668313837786;0.016953335559910784
Castilla-La Mancha;18743;3032.0;2020-08-02;2045221;16.176705970228884;0.9164290802803218;0.1482480377426205
Murcia;2326;148.0;2020-08-02;1511251;6.362854686156492;0.153912222390589;0.009793211054947192
Pais Vasco;16149;1565.0;2020-08-02;2220504;9.691002538856894;0.7272673230942165;0.0704794947453371
Total;288522;28445.0;2020-08-02;48965550;9.858866914827985;0.5892346762162377;0.05809186254417647
Navarra;6666;529.0;2020-08-02;2175952;7.935793579357936;0.30634866945594386;0.02431119804113326
Pais Vasco;17820;1565.0;2020-08-09;2220504;8.78226711560045;0.8025205088574486;0.0704794947453371
La Rioja;4233;366.0;2020-08-09;319914;8.646350106307583;1.3231681014272585;0.1144057465443838
Galicia;10011;619.0;2020-08-09;2701819;6.183198481670162;0.3705281515897253;0.022910491043256414
Extremadura;3542;521.0;2020-08-09;1063987;14.709203839638622;0.33289880421471313;0.04896676369166165
Ceuta;166;4.0;2020-08-09;84202;2.4096385542168677;0.1971449609272939;0.004750480986199852
Cataluña;85970;5704.0;2020-08-09;7780479;6.634872629987205;1.1049448240911646;0.07331168171008494
Castilla-Leon;21130;2800.0;2020-08-09;2394918;13.251301467108377;0.8822849049529045;0.11691423255409997
Madrid;80673;8458.0;2020-08-09;6779888;10.484300819357157;1.1898869125861666;0.12475132332569505
Castilla-La Mancha;19109;3038.0;2020-08-09;2045221;15.898267831911665;0.9343244568679864;0.14854140457192647
Canarias;2798;162.0;2020-08-09;2175952;5.789849892780557;0.12858739531019067;0.007445017169496386
Valencia;14908;1437.0;2020-08-09;5057353;9.639119935605045;0.29477871131400163;0.02841407352818757
Baleares;3051;224.0;2020-08-09;1171543;7.341855129465749;0.2604257803597478;0.019120083513793348
Asturias;2635;334.0;2020-08-09;1018784;12.675521821631879;0.25864167478091526;0.032784181926689075
Aragon;18870;937.0;2020-08-09;1329391;4.9655537890832;1.4194469497687288;0.07048340179826702
Andalucia;16618;1438.0;2020-08-09;8464411;8.653267541220364;0.1963278957035522;0.01698877807327645
Cantabria;2653;217.0;2020-08-09;582905;8.179419525065963;0.45513419854007087;0.03722733550063904
Murcia;2831;148.0;2020-08-09;1511251;5.227834687389615;0.18732824659834799;0.009793211054947192
Melilla;151;2.0;2020-08-09;87076;1.3245033112582782;0.1734117322798475;0.0022968441361569205
Total;314362;28503.0;2020-08-09;48965550;9.066935571093198;0.6420064718970787;0.05821031316915668
Navarra;7193;529.0;2020-08-09;2175952;7.354372306409009;0.33056795370486114;0.02431119804113326
Galicia;10741;623.0;2020-08-16;2701819;5.800204822642212;0.39754698593799215;0.023058539450644178
Total;342813;28617.0;2020-08-16;48965550;8.347699766344917;0.7001105879541841;0.05844312991480745
Pais Vasco;20479;1566.0;2020-08-16;2220504;7.646857756726402;0.9222680976931363;0.07052452956626064
Murcia;3339;149.0;2020-08-16;1511251;4.462413896376161;0.22094278184100458;0.009859381399913053
Melilla;188;2.0;2020-08-16;87076;1.0638297872340425;0.2159033487987505;0.0022968441361569205
Madrid;87967;8481.0;2020-08-16;6779888;9.641115418281856;1.2974698107107374;0.12509056196798532
La Rioja;4430;366.0;2020-08-16;319914;8.261851015801355;1.3847471507967766;0.1144057465443838
Extremadura;3789;522.0;2020-08-16;1063987;13.776722090261282;0.3561133735656545;0.0490607498023942
Cantabria;2930;220.0;2020-08-16;582905;7.508532423208191;0.5026548065293659;0.03774199912507184
Cataluña;91982;5709.0;2020-08-16;7780479;6.206649127003109;1.182215130970728;0.07337594510569337
Castilla-Leon;22670;2804.0;2020-08-16;2394918;12.368769298632554;0.9465877328576594;0.11708125288632011
Castilla-La Mancha;19875;3037.0;2020-08-16;2045221;15.280503144654087;0.9717776220760495;0.14849251010037545
Canarias;3323;164.0;2020-08-16;2175952;4.935299428227506;0.1527147657668919;0.007536930961712391
Valencia;16777;1442.0;2020-08-16;5057353;8.595100435119509;0.33173480277133116;0.02851293947644153
Baleares;4178;225.0;2020-08-16;1171543;5.385351842987075;0.35662370053852055;0.019205441029479926
Asturias;2785;334.0;2020-08-16;1018784;11.992818671454218;0.2733651097779313;0.032784181926689075
Aragon;20353;992.0;2020-08-16;1329391;4.8739743526752815;1.531001789541226;0.07462063456123895
Ceuta;171;4.0;2020-08-16;84202;2.3391812865497075;0.2030830621600437;0.004750480986199852
Andalucia;18937;1445.0;2020-08-16;8464411;7.630564503353224;0.2237249585352129;0.017071477271129676
Navarra;7899;532.0;2020-08-16;2175952;6.735029750601342;0.3630135223571108;0.024449068729457266
Asturias;2973;334.0;2020-08-23;1018784;11.234443323242516;0.2918184816408581;0.032784181926689075
Total;386054;28838.0;2020-08-23;48965550;7.469939438524144;0.7884196133812446;0.05889446764102517
Pais Vasco;23919;1567.0;2020-08-23;2220504;6.551277227308834;1.0771878816701073;0.07056956438718417
Navarra;8547;532.0;2020-08-23;2175952;6.224406224406224;0.39279359103509637;0.024449068729457266
Murcia;4067;152.0;2020-08-23;1511251;3.7373985738873863;0.2691147929761502;0.01005789243481063
Melilla;217;2.0;2020-08-23;87076;0.9216589861751152;0.24920758877302587;0.0022968441361569205
Madrid;102382;8537.0;2020-08-23;6779888;8.338379793323044;1.5100839423896089;0.12591653431443114
La Rioja;4858;367.0;2020-08-23;319914;7.554549197200494;1.5185331057721763;0.11471833055133566
Aragon;23607;1096.0;2020-08-23;1329391;4.642690727326641;1.775775524281419;0.08244376560394948
Galicia;11952;626.0;2020-08-23;2701819;5.237617135207497;0.44236864127463754;0.023169575756185
Ceuta;208;4.0;2020-08-23;84202;1.9230769230769231;0.24702501128239235;0.004750480986199852
Cataluña;98462;5724.0;2020-08-23;7780479;5.813410249639455;1.2655004916792398;0.07356873529251862
Castilla-Leon;24816;2810.0;2020-08-23;2394918;11.32333978078659;1.036194141093766;0.11733178338465033
Castilla-La Mancha;21054;3038.0;2020-08-23;2045221;14.4295620784649;1.029424204034674;0.14854140457192647
Cantabria;3240;221.0;2020-08-23;582905;6.820987654320987;0.5558367143874217;0.037913553666549436
Valencia;19103;1449.0;2020-08-23;5057353;7.585196042506412;0.3777272418990725;0.028651351803997072
Baleares;5342;228.0;2020-08-23;1171543;4.268064395357544;0.4559798487976967;0.019461513576539656
Extremadura;4194;524.0;2020-08-23;1063987;12.494039103481164;0.3941777484123396;0.04924872202385931
Andalucia;22825;1460.0;2020-08-23;8464411;6.396495071193867;0.2696584558571175;0.01724868983795801
Canarias;4288;167.0;2020-08-23;2175952;3.894589552238806;0.19706317051111422;0.007674801650036398
Extremadura;4698;526.0;2020-08-30;1063987;11.196253724989358;0.4415467482215478;0.049436694245324424
Ceuta;249;4.0;2020-08-30;84202;1.606425702811245;0.2957174413909408;0.004750480986199852
Cataluña;106811;5741.0;2020-08-30;7780479;5.374914568724195;1.3728075096661787;0.07378723083758724
Castilla-Leon;27430;2822.0;2020-08-30;2394918;10.28800583302953;1.1453419281996293;0.11783284438131075
Castilla-La Mancha;23028;3042.0;2020-08-30;2045221;13.21000521104742;1.1259418908763406;0.14873698245813044
Valencia;22695;1462.0;2020-08-30;5057353;6.441947565543071;0.448752539124716;0.028908403269457362
Canarias;6126;172.0;2020-08-30;2175952;2.8077048645119165;0.2815319455576226;0.007904586130576409
Baleares;7648;233.0;2020-08-30;1171543;3.0465481171548117;0.6528142799709443;0.019888301154972546
Asturias;3221;335.0;2020-08-30;1018784;10.400496740142813;0.31616122750259135;0.032882338160002515
Aragon;25562;1096.0;2020-08-30;1329391;4.287614427666067;1.9228353434016028;0.08244376560394948
Andalucia;27734;1480.0;2020-08-30;8464411;5.336410182447537;0.32765422189447085;0.017484973260395793
Cantabria;3832;221.0;2020-08-30;582905;5.767223382045929;0.6573970029421604;0.037913553666549436
Galicia;13655;634.0;2020-08-30;2701819;4.642987916514097;0.505400250719978;0.023465672570960525
Navarra;9537;533.0;2020-08-30;2175952;5.588759567998323;0.4382909181820187;0.02449502562556527
Madrid;118600;8604.0;2020-08-30;6779888;7.254637436762226;1.749291433722799;0.12690475122892886
Melilla;300;2.0;2020-08-30;87076;0.6666666666666666;0.34452662042353804;0.0022968441361569205
La Rioja;5371;369.0;2020-08-30;319914;6.870229007633588;1.6788887013384848;0.11534349856523941
Murcia;5455;156.0;2020-08-30;1511251;2.859761686526123;0.3609592317887631;0.010322573814674068
Total;439286;29011.0;2020-08-30;48965550;6.604125785934448;0.8971327800872246;0.05924777726381099
Pais Vasco;27334;1579.0;2020-08-30;2220504;5.776688373454306;1.2309817951239899;0.07110998223826663
Pais Vasco;32006;1580.0;2020-09-06;2220504;4.936574392301443;1.4413844784787597;0.07115501705919017
Navarra;10547;536.0;2020-09-06;2175952;5.0820138427989;0.48470738325110113;0.024632896313889277
Murcia;7017;157.0;2020-09-06;1511251;2.2374234003135243;0.46431731062543546;0.010388744159639928
Melilla;413;3.0;2020-09-06;87076;0.7263922518159807;0.47429831411640405;0.0034452662042353806
Madrid;136901;8728.0;2020-09-06;6779888;6.375409967786941;2.0192221464425373;0.12873368999605894
La Rioja;6037;374.0;2020-09-06;319914;6.195130031472586;1.887069649968429;0.11690641859999874
Galicia;15480;652.0;2020-09-06;2701819;4.2118863049095605;0.572947336590645;0.024131890404205464
Extremadura;5583;530.0;2020-09-06;1063987;9.493104065914382;0.5247244562198599;0.04981263868825465
Ceuta;308;5.0;2020-09-06;84202;1.6233766233766234;0.36578703593738865;0.005938101232749816
Cataluña;114987;5761.0;2020-09-06;7780479;5.010131580091662;1.4778910141650663;0.07404428442002092
Castilla-Leon;30531;2856.0;2020-09-06;2394918;9.354426648324653;1.2748244407532952;0.11925251720518197
Castilla-La Mancha;25737;3048.0;2020-09-06;2045221;11.842872129618836;1.2583970143079892;0.14903034928743641
Cantabria;4561;225.0;2020-09-06;582905;4.933128699846525;0.7824602636793303;0.038599771832459835
Canarias;8302;179.0;2020-09-06;2175952;2.1561069621777884;0.3815341514886358;0.008226284403332427
Valencia;26710;1478.0;2020-09-06;5057353;5.533508049419693;0.5281418955726445;0.02922477430387003
Baleares;9191;243.0;2020-09-06;1171543;2.643890762702644;0.7845209266753334;0.02074187631183832
Asturias;3498;335.0;2020-09-06;1018784;9.576901086335049;0.3433505041304143;0.032882338160002515
Aragon;27493;1212.0;2020-09-06;1329391;4.408394864147238;2.0680898245888533;0.09116956561312661
Total;498989;29418.0;2020-09-06;48965550;5.895520742942229;1.019061360487118;0.06007897389082733
Andalucia;33687;1516.0;2020-09-06;8464411;4.5002523228545135;0.3979839825830764;0.017910283420783796
Madrid;160221;8818.0;2020-09-13;6779888;5.503648086081101;2.363180630712484;0.1300611455528469
La Rioja;6528;382.0;2020-09-13;319914;5.85171568627451;2.040548397381796;0.1194070906556137
Galicia;17179;674.0;2020-09-13;2701819;3.923394842540311;0.6358308976285976;0.024946156644838163
Extremadura;6643;538.0;2020-09-13;1063987;8.09875056450399;0.6243497335963691;0.0505645275741151
Ceuta;376;7.0;2020-09-13;84202;1.8617021276595744;0.44654521270278613;0.008313341725849742
Cataluña;122320;5780.0;2020-09-13;7780479;4.725310660562459;1.5721397101643741;0.07428848532333292
Cantabria;5372;227.0;2020-09-13;582905;4.225614296351452;0.9215909968176632;0.038942880915415035
Castilla-La Mancha;29130;3052.0;2020-09-13;2045221;10.477171301064194;1.4242959562805193;0.14922592717364042
Canarias;10133;189.0;2020-09-13;2175952;1.8651929339780915;0.4656812282623881;0.00868585336441245
Valencia;30866;1515.0;2020-09-13;5057353;4.908313354500097;0.6103192717613345;0.02995638232094932
Asturias;3828;338.0;2020-09-13;1018784;8.829676071055381;0.3757420611238496;0.033176806859942835
Aragon;29665;1212.0;2020-09-13;1329391;4.0856227877970674;2.231472907519308;0.09116956561312661
Andalucia;40125;1573.0;2020-09-13;8464411;3.9202492211838007;0.47404361626579805;0.018583691174731472
Castilla-Leon;34087;2883.0;2020-09-13;2394918;8.457769824273184;1.423305516097002;0.12037990444766794
Baleares;10729;258.0;2020-09-13;1171543;2.4046975486997857;0.9158007858012894;0.02202223904713698
Total;566326;29747.0;2020-09-13;48965550;5.252628344804935;1.1565804938369935;0.06075087484976682
Navarra;12232;542.0;2020-09-13;2175952;4.431000654022236;0.5621447531930851;0.02490863769053729
Melilla;577;3.0;2020-09-13;87076;0.5199306759098787;0.6626395332812716;0.0034452662042353806
Pais Vasco;36095;1587.0;2020-09-13;2220504;4.396730849148081;1.625531861235107;0.07147026080565494
Murcia;10220;169.0;2020-09-13;1511251;1.6536203522504893;0.6762609255510832;0.01118278829923024
Murcia;13371;193.0;2020-09-20;1511251;1.4434223319123476;0.8847636825385061;0.012770876578410867
Melilla;664;4.0;2020-09-20;87076;0.6024096385542169;0.7625522532040976;0.004593688272313841
Madrid;187045;8999.0;2020-09-20;6779888;4.811141703868053;2.758821384660042;0.13273080617260935
La Rioja;7333;393.0;2020-09-20;319914;5.359334515205236;2.2921785229780505;0.12284551473208424
Galicia;18593;702.0;2020-09-20;2701819;3.775614478567203;0.688166009640172;0.02598249549655251
Extremadura;8166;544.0;2020-09-20;1063987;6.661768307616948;0.7674905802420519;0.051128444238510436
Ceuta;441;9.0;2020-09-20;84202;2.0408163265306123;0.5237405287285337;0.01068858221894967
Canarias;11479;209.0;2020-09-20;2175952;1.820716090251764;0.5275392104237594;0.009604991286572499
Castilla-Leon;38872;2931.0;2020-09-20;2394918;7.540131714344516;1.623103588515348;0.12238414843430966
Castilla-La Mancha;34835;3065.0;2020-09-20;2045221;8.79862207549878;1.7032389164789525;0.14986155530380335
Cantabria;6058;231.0;2020-09-20;582905;3.8131396500495214;1.0392774122712964;0.03962909908132543
Valencia;34370;1541.0;2020-09-20;5057353;4.48356124527204;0.6796045282977083;0.030470485251869902
Baleares;12059;270.0;2020-09-20;1171543;2.238991624512812;1.0293262816644375;0.02304652923537591
Asturias;4340;341.0;2020-09-20;1018784;7.857142857142857;0.4259980525803311;0.033471275559883155
Aragon;32266;1302.0;2020-09-20;1329391;4.035207338994607;2.4271264060009434;0.09793958286162611
Cataluña;128901;5797.0;2020-09-20;7780479;4.497249827386909;1.656723191464176;0.07450698086840155
Andalucia;47612;1662.0;2020-09-20;8464411;3.490716626060657;0.5624963154553814;0.0196351524045796
Pais Vasco;39430;1749.0;2020-09-20;2220504;4.435708851128583;1.7757229890151065;0.0787659017952681
Total;640040;30495.0;2020-09-20;48965550;4.764545965877133;1.3071230691782283;0.06227847946158064
Navarra;14205;553.0;2020-09-20;2175952;3.8929954241464273;0.6528177092141738;0.025414163547725317
Aragon;34722;1360.0;2020-09-27;1329391;3.916825067680433;2.6118726544711075;0.10230248286621468
La Rioja;8101;409.0;2020-09-27;319914;5.04875941241822;2.532243040317085;0.12784685884331415
Galicia;20420;726.0;2020-09-27;2701819;3.555337904015671;0.755787119714533;0.026870785940879088
Extremadura;9890;564.0;2020-09-27;1063987;5.7027300303336705;0.9295226351449782;0.05300816645316155
Ceuta;528;10.0;2020-09-27;84202;1.893939393939394;0.6270634901783806;0.011876202465499633
Cataluña;135469;5829.0;2020-09-27;7780479;4.302829429611203;1.7411395879353957;0.07491826660029544
Castilla-Leon;44353;2994.0;2020-09-27;2394918;6.750388925213627;1.8519631987399987;0.1250147186667769
Castilla-La Mancha;39954;3111.0;2020-09-27;2045221;7.786454422585974;1.9535297163485021;0.15211070099514917
Madrid;213709;9213.0;2020-09-27;6779888;4.311002344309318;3.152102217617754;0.1358872004965274
Canarias;12762;220.0;2020-09-27;2175952;1.7238677323303557;0.5865019081303264;0.010110517143760524
Valencia;38112;1583.0;2020-09-27;5057353;4.153547439126784;0.7535958039709706;0.03130095921720315
Baleares;13309;287.0;2020-09-27;1171543;2.15643549477797;1.1360231762726591;0.024497607002047728
Asturias;4964;343.0;2020-09-27;1018784;6.909750201450443;0.4872475421679178;0.033667588026510036
Andalucia;56615;1744.0;2020-09-27;8464411;3.0804557096175924;0.6688592980657485;0.0206039144365745
Cantabria;6568;233.0;2020-09-27;582905;3.5475030450669913;1.126770228424872;0.039972208164280626
Melilla;860;4.0;2020-09-27;87076;0.46511627906976744;0.9876429785474757;0.004593688272313841
Navarra;16572;563.0;2020-09-27;2175952;3.3972966449432778;0.7615976823018155;0.02587373250880534
Pais Vasco;42464;1838.0;2020-09-27;2220504;4.328372268274303;1.912358635697121;0.08277400085746299
Total;716481;31232.0;2020-09-27;48965550;4.359082794938037;1.4632348661456882;0.06378361929969131
Murcia;17109;201.0;2020-09-27;1511251;1.174820270033316;1.1321084320208887;0.013300239338137742
Total;789932;32086.0;2020-10-04;48965550;4.0618686165391455;1.6132403291702022;0.06552770263991725
Aragon;37071;1411.0;2020-10-04;1329391;3.806209705699873;2.7885701046569444;0.10613882597369773
Murcia;20152;218.0;2020-10-04;1511251;1.0817784835252084;1.3334647917519988;0.014425135202557351
Melilla;1069;5.0;2020-10-04;87076;0.4677268475210477;1.227663190775874;0.005742110340392301
Madrid;240959;9473.0;2020-10-04;6779888;3.931374217190476;3.554026261200775;0.13972207210502594
La Rioja;8716;421.0;2020-10-04;319914;4.830197338228545;2.7244822045924844;0.13159786692673656
Galicia;21675;748.0;2020-10-04;2701819;3.450980392156863;0.8022373075324439;0.02768505218151179
Extremadura;11014;590.0;2020-10-04;1063987;5.356818594516071;1.035163023608371;0.055451805332208004
Ceuta;642;10.0;2020-10-04;84202;1.557632398753894;0.7624521982850764;0.011876202465499633
Cataluña;142464;5851.0;2020-10-04;7780479;4.107002470799641;1.8310440783915747;0.07520102554097248
Castilla-Leon;49638;3076.0;2020-10-04;2394918;6.196865304806801;2.072638812685862;0.12843863547728981
Castilla-La Mancha;44632;3211.0;2020-10-04;2045221;7.194389675569099;2.1822580542640626;0.1570001481502488
Cantabria;6888;235.0;2020-10-04;582905;3.411730545876887;1.1816676816977036;0.040315317247235825
Canarias;13880;236.0;2020-10-04;2175952;1.7002881844380404;0.6378817179790731;0.010845827481488561
Valencia;41839;1613.0;2020-10-04;5057353;3.855254666698535;0.827290481799471;0.031894154906726896
Baleares;14181;300.0;2020-10-04;1171543;2.115506663845991;1.2104549299513547;0.025607254705973234
Asturias;5588;349.0;2020-10-04;1018784;6.245526127415891;0.5484970317555046;0.034256525426390676
Andalucia;65340;1867.0;2020-10-04;8464411;2.85736149372513;0.7719379411042304;0.022057057484566853
Navarra;18758;578.0;2020-10-04;2175952;3.0813519564985605;0.8620594571939086;0.026563085950425377
Pais Vasco;45426;1894.0;2020-10-04;2220504;4.169418394751904;2.045751775272641;0.08529595082918112
Murcia;23013;231.0;2020-10-11;1511251;1.003780471907183;1.5227781486993226;0.015285349687113524
La Rioja;9299;426.0;2020-10-11;319914;4.581137756748038;2.9067186806454233;0.1331607869614959
Galicia;23523;777.0;2020-10-11;2701819;3.30315010840454;0.8706356717455906;0.028758403135073076
Extremadura;12269;622.0;2020-10-11;1063987;5.06968783111908;1.1531155925777288;0.0584593608756498
Ceuta;790;11.0;2020-10-11;84202;1.3924050632911393;0.9382199947744709;0.013063822712049596
Cataluña;154354;5875.0;2020-10-11;7780479;3.8061857807377844;1.983862433148396;0.07550948983989289
Castilla-Leon;54744;3199.0;2020-10-11;2394918;5.843562764869209;2.2858402667648745;0.13357451069305923
Madrid;261762;9739.0;2020-10-11;6779888;3.7205553136054887;3.8608602383992183;0.14364544075064367
Castilla-La Mancha;48584;3254.0;2020-10-11;2045221;6.697678247982875;2.3754890058335993;0.15910261042694163
Canarias;14775;241.0;2020-10-11;2175952;1.6311336717428089;0.6790131399957352;0.011075611962028574
Valencia;45220;1644.0;2020-10-11;5057353;3.6355594869526757;0.8941436360087975;0.03250712378590144
Baleares;14975;316.0;2020-10-11;1171543;2.1101836393989983;1.2782287974064972;0.02697297495695847
Asturias;6353;354.0;2020-10-11;1018784;5.57217062804974;0.6235865502402864;0.034747306592957876
Aragon;39267;1470.0;2020-10-11;1329391;3.743601497440599;2.9537585255203322;0.11057694839215851
Andalucia;74620;1979.0;2020-10-11;8464411;2.6521039935674082;0.8815734491153607;0.023380244650218426
Cantabria;7192;237.0;2020-10-11;582905;3.2953281423804226;1.233820262306894;0.040658426330191025
Melilla;1273;6.0;2020-10-11;87076;0.4713275726630008;1.4619412926638797;0.006890532408470761
Navarra;21016;611.0;2020-10-11;2175952;2.907308717167872;0.9658301286057781;0.028079663521989456
Pais Vasco;48083;1937.0;2020-10-11;2220504;4.028450803818397;2.1654092944664813;0.08723244812889326
Total;861112;32929.0;2020-10-11;48965550;3.824008955861723;1.7586078375510945;0.06724932120644003
Total;936560;33775.0;2020-10-18;48965550;3.606282565986162;1.9126916781288068;0.06897706652942732
Pais Vasco;51986;1979.0;2020-10-18;2220504;3.806794136883007;2.3411802005310505;0.08912391060768186
Navarra;24312;639.0;2020-10-18;2175952;2.6283316880552814;1.117304058177754;0.02936645661301352
Melilla;1554;10.0;2020-10-18;87076;0.6435006435006435;1.7846478937939272;0.011484220680784602
Madrid;276790;9979.0;2020-10-18;6779888;3.60526030564688;4.082515817370434;0.14718532223541156
La Rioja;10136;436.0;2020-10-18;319914;4.301499605367009;3.168351494464137;0.13628662703101457
Galicia;25617;812.0;2020-10-18;2701819;3.1697700745598625;0.9481390130130849;0.030053826699716006
Extremadura;13863;646.0;2020-10-18;1063987;4.6598860275553635;1.302929453085423;0.06071502753323114
Ceuta;923;12.0;2020-10-18;84202;1.3001083423618636;1.096173487565616;0.014251442958599559
Murcia;25665;257.0;2020-10-18;1511251;1.0013637249172025;1.6982619035487818;0.017005778656225868
Castilla-Leon;60687;3307.0;2020-10-18;2394918;5.449272496580816;2.533990725360952;0.13808405966300308
Cataluña;168208;5909.0;2020-10-18;7780479;3.5129125844192903;2.161923449700205;0.07594648093003015
Aragon;42554;1508.0;2020-10-18;1329391;3.5437326690792874;3.2010145999183086;0.11343540011930275
Asturias;7701;365.0;2020-10-18;1018784;4.739644202051681;0.755901152746804;0.03582702515940572
Baleares;15822;327.0;2020-10-18;1171543;2.0667425104285173;1.3505266131930282;0.027911907629510825
Andalucia;86689;2094.0;2020-10-18;8464411;2.4155313822976385;1.0241586803854397;0.024738874329235667
Canarias;15572;251.0;2020-10-18;2175952;1.6118674544053428;0.7156407861938131;0.011535180923108597
Cantabria;7621;242.0;2020-10-18;582905;3.1754362944495473;1.307417160600784;0.04151619903757902
Castilla-La Mancha;52336;3322.0;2020-10-18;2045221;6.34744726383369;2.558941063092937;0.16242743449240937
Valencia;48524;1680.0;2020-10-18;5057353;3.462204270051933;0.959474254615013;0.033218958613329935
Andalucia;106298;2270.0;2020-10-25;8464411;2.135505842066643;1.255822761914562;0.026818168446688138
Aragon;48283;1566.0;2020-10-25;1329391;3.2433775863140237;3.631963808992238;0.11779830012389132
Asturias;9432;391.0;2020-10-25;1018784;4.145462256149279;0.9258095926123693;0.03837908722555517
Baleares;16876;352.0;2020-10-25;1171543;2.085802322825314;1.440493434726681;0.03004584552167526
Galicia;28711;859.0;2020-10-25;2701819;2.991884643516422;1.06265445612752;0.03179339548652223
Canarias;16547;267.0;2020-10-25;2175952;1.6135855442074092;0.7604487598991154;0.012270491260836637
Cantabria;8500;248.0;2020-10-25;582905;2.9176470588235293;1.4582136025595938;0.04254552628644462
Castilla-La Mancha;57347;3338.0;2020-10-25;2045221;5.820705529495876;2.803951260034979;0.16320974603722532
Castilla-Leon;69989;3446.0;2020-10-25;2394918;4.923630856277415;2.922396507938894;0.14388801620765304
Cataluña;192035;5960.0;2020-10-25;7780479;3.103600906084828;2.468164235132567;0.07660196756523602
Ceuta;1167;13.0;2020-10-25;84202;1.113967437874893;1.3859528277238071;0.015439063205149522
Extremadura;16077;676.0;2020-10-25;1063987;4.204764570504447;1.511014702247302;0.06353461085520781
Valencia;53831;1719.0;2020-10-25;5057353;3.1933272649588527;1.0644105720917643;0.03399011300971081
La Rioja;11300;442.0;2020-10-25;319914;3.911504424778761;3.532199278556112;0.1381621310727258
Melilla;2094;11.0;2020-10-25;87076;0.5253104106972302;2.4047958105562954;0.012632642748863061
Murcia;29254;283.0;2020-10-25;1511251;0.9673890749982909;1.9357472716312512;0.018726207625338213
Navarra;28009;668.0;2020-10-25;2175952;2.3849476953836266;1.2872067030890388;0.030699206600145593
Pais Vasco;57628;2032.0;2020-10-25;2220504;3.5260637190254736;2.5952666601816525;0.09151075611662937
Total;1046132;34752.0;2020-10-25;48965550;3.321951723109512;2.1364653312379827;0.0709723468846975
Madrid;292754;10211.0;2020-10-25;6779888;3.487911352193309;4.317976934132245;0.1506072076706872
La Rioja;12510;463.0;2020-11-01;319914;3.701039168665068;3.9104259269678727;0.14472639521871503
Total;1185678;35878.0;2020-11-01;48965550;3.0259480229876914;2.421453450436072;0.07327192281103756
Pais Vasco;65315;2082.0;2020-11-01;2220504;3.187629181658118;2.9414493286208896;0.09376249716280628
Navarra;32150;703.0;2020-11-01;2175952;2.1866251944012443;1.4775142098722767;0.03230769796392567
Murcia;34363;317.0;2020-11-01;1511251;0.9225038558915112;2.273811564061827;0.020975999354177433
Melilla;2745;12.0;2020-11-01;87076;0.4371584699453552;3.152418576875373;0.013781064816941522
Madrid;306335;10419.0;2020-11-01;6779888;3.4011784484306395;4.518289977651548;0.15367510495748601
Galicia;33222;904.0;2020-11-01;2701819;2.7210884353741496;1.2296160475590703;0.03345894006963457
Cantabria;9699;252.0;2020-11-01;582905;2.5982060006186205;1.6639074977912354;0.04323174445235502
Ceuta;1571;19.0;2020-11-01;84202;1.20942075111394;1.8657514073299921;0.0225647846844493
Cataluña;228000;5991.0;2020-11-01;7780479;2.6276315789473683;2.9304108397439284;0.07700040061800822
Castilla-La Mancha;64042;3425.0;2020-11-01;2045221;5.348052840323538;3.1312997470688986;0.16746356506216198
Canarias;17263;282.0;2020-11-01;2175952;1.6335515263859122;0.7933538975124451;0.012959844702456673
Valencia;61592;1773.0;2020-11-01;5057353;2.8786206000779324;1.217870296971558;0.03505786525085356
Baleares;18361;362.0;2020-11-01;1171543;1.9715701759163444;1.5672493455212484;0.030899420678541036
Asturias;11795;437.0;2020-11-01;1018784;3.704959728698601;1.1577527719320289;0.042894273957973426
Aragon;56181;1654.0;2020-11-01;1329391;2.944055819583133;4.226070433755005;0.12441787254464638
Extremadura;19307;714.0;2020-11-01;1063987;3.698140570777438;1.8145898399134577;0.06710608306304494
Andalucia;130191;2470.0;2020-11-01;8464411;1.8972125569355793;1.538098752529857;0.02918100267106595
Castilla-Leon;81036;3599.0;2020-11-01;2394918;4.441235993879263;3.3836649104478735;0.1502765439150735
Total;1328832;38833.0;2020-11-08;48965550;2.9223408226171554;2.7138100154087925;0.07930677792856407
Navarra;35577;747.0;2020-11-08;2175952;2.099671135846193;1.6350084928344009;0.03432980139267778
Murcia;41387;389.0;2020-11-08;1511251;0.9399086669727209;2.7385920671020236;0.02574026419171931
Melilla;3327;24.0;2020-11-08;87076;0.721370604147881;3.8208002204970373;0.027562129633883044
Madrid;319651;10842.0;2020-11-08;6779888;3.391824208277152;4.71469440203142;0.15991414607438942
La Rioja;13817;482.0;2020-11-08;319914;3.4884562495476588;4.318973224053964;0.15066549135080054
Galicia;38062;977.0;2020-11-08;2701819;2.5668645893542115;1.4087546204982644;0.03616082350446125
Extremadura;22804;770.0;2020-11-08;1063987;3.376600596386599;2.1432592691452057;0.07236930526406808
Andalucia;161148;2781.0;2020-11-08;8464411;1.7257427954426987;1.9038300479501764;0.032855209889973445
Cataluña;257588;7225.0;2020-11-08;7780479;2.80486668633632;3.3106959095963115;0.09286060665416615
Ceuta;2053;32.0;2020-11-08;84202;1.5586945932781295;2.4381843661670746;0.03800384788959882
Aragon;62653;1780.0;2020-11-08;1329391;2.841045121542464;4.712909896335991;0.13389589669254567
Asturias;14257;534.0;2020-11-08;1018784;3.7455285123097424;1.3994134183497189;0.05241542858937714
Baleares;19946;376.0;2020-11-08;1171543;1.8850897423042214;1.7025410078844738;0.03209442589815312
Pais Vasco;73564;2148.0;2020-11-08;2220504;2.9199064759936926;3.3129415664191555;0.0967347953437598
Canarias;18088;296.0;2020-11-08;2175952;1.6364440513047325;0.8312683368015471;0.013603241247968705
Cantabria;11112;258.0;2020-11-08;582905;2.321814254859611;1.906314064899083;0.04426107170122061
Castilla-La Mancha;70817;3452.0;2020-11-08;2045221;4.874535775308189;3.462559791826898;0.1687837157940389
Castilla-Leon;92867;3834.0;2020-11-08;2394918;4.128484822380393;3.877669298072001;0.1600889884330069
Valencia;70114;1886.0;2020-11-08;5057353;2.689905011837864;1.3863774191756044;0.03729223568139301
Navarra;37333;787.0;2020-11-15;2175952;2.108054536201216;1.7157088024000529;0.03616807723699787
Pais Vasco;84175;2242.0;2020-11-15;2220504;2.6634986634986637;3.790806051238818;0.10096806851057237
Andalucia;189744;3155.0;2020-11-15;8464411;1.6627666750990808;2.2416680853517157;0.03727370988955995
Aragon;67697;1966.0;2020-11-15;1329391;2.9041168737167085;5.0923317519074525;0.147887265672778
Asturias;17669;661.0;2020-11-15;1018784;3.741015337596921;1.7343224864151774;0.06488127022018406
Baleares;21449;389.0;2020-11-15;1171543;1.813604363839806;1.8308333539613997;0.033204073602078624
Valencia;81854;2013.0;2020-11-15;5057353;2.4592567253891073;1.618514665675898;0.03980343076704355
Canarias;19019;311.0;2020-11-15;2175952;1.6352068983647932;0.8740542070780973;0.01429259468958874
Cantabria;12708;274.0;2020-11-15;582905;2.156122127793516;2.1801151130973313;0.0470059443648622
Castilla-La Mancha;76456;3545.0;2020-11-15;2045221;4.636653761640682;3.7382757169029657;0.17333090164828152
Cataluña;278161;7362.0;2020-11-15;7780479;2.6466686559222894;3.5751140771667145;0.09462142369383685
Total;1458591;40769.0;2020-11-15;48965550;2.795094718121804;2.978810612767548;0.08326057810031746
Ceuta;2436;44.0;2020-11-15;84202;1.80623973727422;2.89304292059571;0.05225529084819838
Extremadura;25454;826.0;2020-11-15;1063987;3.2450695372043685;2.392322462586479;0.07763252746509121
Galicia;42132;1061.0;2020-11-15;2701819;2.5182758948067976;1.5593938750153138;0.03926984005960429
La Rioja;14972;506.0;2020-11-15;319914;3.3796419983970076;4.680007752083372;0.15816750751764536
Madrid;330483;11053.0;2020-11-15;6779888;3.344498809318482;4.8744610530439445;0.16302629187974788
Melilla;3591;32.0;2020-11-15;87076;0.8911166805903648;4.123983646469751;0.03674950617851073
Murcia;48473;472.0;2020-11-15;1511251;0.973737957213294;3.2074751315301033;0.031232402823885643
Castilla-Leon;104785;4070.0;2020-11-15;2394918;3.8841437228610967;4.375306377921916;0.16994318803399533
Galicia;46120;1131.0;2020-11-22;2701819;2.452298352124892;1.706998137180914;0.041860687188890154
Extremadura;27155;874.0;2020-11-22;1063987;3.218560117842018;2.552192836942557;0.08214386078025389
Ceuta;2659;46.0;2020-11-22;84202;1.7299736743136518;3.157882235576352;0.054630531341298305
Cataluña;292348;7495.0;2020-11-22;7780479;2.5637254231258635;3.7574550358660437;0.09633083001702081
Castilla-Leon;114549;4293.0;2020-11-22;2394918;3.747741141345625;4.783003008871285;0.17925457155526828
Cantabria;14145;293.0;2020-11-22;582905;2.0714033227288793;2.4266389892006415;0.05026548065293659
Canarias;19869;322.0;2020-11-22;2175952;1.6206150284362575;0.9131175687698994;0.014798120546776768
Valencia;91912;2168.0;2020-11-22;5057353;2.3587779615284186;1.8173934071835602;0.042868275162916254
Asturias;20637;800.0;2020-11-22;1018784;3.8765324417308715;2.025650186889468;0.07852498665075226
Aragon;70624;2148.0;2020-11-22;1329391;3.041458994109651;5.3125077573114305;0.16157774499752142
Andalucia;212439;3527.0;2020-11-22;8464411;1.6602412927946375;2.5097906989629877;0.04166858154690267
Castilla-La Mancha;80928;3659.0;2020-11-22;2045221;4.52130288651641;3.9569317936790207;0.1789048714050951
Baleares;22764;398.0;2020-11-22;1171543;1.7483746266034088;1.943078487089249;0.033972291243257825
Navarra;38482;822.0;2020-11-22;2175952;2.136063614157268;1.7685132760281477;0.03777656860077796
Madrid;339405;11201.0;2020-11-22;6779888;3.300187092117087;5.006056147240191;0.16520921879535475
Melilla;3853;35.0;2020-11-22;87076;0.9083830781209448;4.4248702283063075;0.04019477238274611
La Rioja;15771;526.0;2020-11-22;319914;3.33523555893729;4.9297623736379155;0.16441918765668273
Murcia;51666;543.0;2020-11-22;1511251;1.0509813029845547;3.4187570430060923;0.03593049731646166
Total;1556730;42619.0;2020-11-22;48965550;2.737725874107906;3.179235196990537;0.08703874458675538
Pais Vasco;91404;2338.0;2020-11-22;2220504;2.5578749288871383;4.116362771695075;0.10529141131923203
Cataluña;301577;7911.0;2020-11-29;7780479;2.6232106559850386;3.8760724114800644;0.10167754453164131
Pais Vasco;95955;2467.0;2020-11-29;2220504;2.5709968214267103;4.321316241718097;0.11110090321836845
Andalucia;229104;3903.0;2020-11-29;8464411;1.7035931280117327;2.7066738607092686;0.046110709888732955
Aragon;72590;2279.0;2020-11-29;1329391;3.1395509023281445;5.460395022984208;0.1714318812147818
Asturias;22746;954.0;2020-11-29;1018784;4.1941440253231335;2.232661682947514;0.09364104658102208
Baleares;23925;404.0;2020-11-29;1171543;1.6886102403343783;2.0421785628013653;0.034484436337377286
Valencia;100748;2298.0;2020-11-29;5057353;2.2809385794258943;1.992109310937955;0.045438789817519164
Canarias;20730;339.0;2020-11-29;2175952;1.6353111432706222;0.9526864563188894;0.015579387780612807
Total;1628208;44668.0;2020-11-29;48965550;2.7433841376531745;3.325211296513569;0.09122331925200472
Cantabria;15027;304.0;2020-11-29;582905;2.0230252212683837;2.5779500947838843;0.052152580609190174
Castilla-Leon;119952;4487.0;2020-11-29;2394918;3.7406629318394025;5.008605722617643;0.18735505766794522
Navarra;39414;863.0;2020-11-29;2175952;2.189577307555691;1.8113451032008059;0.03966080134120606
Ceuta;2782;54.0;2020-11-29;84202;1.9410496046010064;3.3039595259019974;0.06413149331369801
Extremadura;28578;928.0;2020-11-29;1063987;3.247253131779691;2.6859350725149835;0.08721911075981191
Galicia;49183;1184.0;2020-11-29;2701819;2.407335868084501;1.820366205138094;0.043822328586778016
La Rioja;16398;543.0;2020-11-29;319914;3.3113794365166482;5.125752545996737;0.1697331157748645
Madrid;346850;11352.0;2020-11-29;6779888;3.2728845322185385;5.115866220798928;0.1674363942295212
Castilla-La Mancha;84935;3761.0;2020-11-29;2045221;4.428092070406782;4.1528519411838625;0.1838921075032967
Melilla;4023;40.0;2020-11-29;87076;0.9942828734775043;4.620101979879645;0.04593688272313841
Murcia;53691;597.0;2020-11-29;1511251;1.1119181985807678;3.5527519915619576;0.03950369594461807
Total;1684647;46252.0;2020-12-06;48965550;2.7455009862600295;3.440473965880093;0.09445824666525751
Navarra;40032;893.0;2020-12-06;2175952;2.2307154276578736;1.8397464649955513;0.04103950822444613
Murcia;55116;623.0;2020-12-06;1511251;1.1303432759997096;3.647044733138307;0.04122412491373041
Melilla;4152;43.0;2020-12-06;87076;1.035645472061657;4.768248426661767;0.04938214892737379
Madrid;354326;11426.0;2020-12-06;6779888;3.2247139639766766;5.226133529049448;0.16852785768732462
La Rioja;16881;561.0;2020-12-06;319914;3.323262839879154;5.276730621354489;0.17535962789999812
Galicia;51557;1246.0;2020-12-06;2701819;2.4167426343658476;1.9082329349227316;0.046117078901288355
Extremadura;29461;971.0;2020-12-06;1063987;3.2958826923729676;2.7689248082918305;0.09126051352131181
Andalucia;238783;4296.0;2020-12-06;8464411;1.7991230531486748;2.8210232229980328;0.05075367913963535
Cataluña;310141;8126.0;2020-12-06;7780479;2.6200986003140505;3.9861427554781654;0.10444087054280334
Ceuta;2854;55.0;2020-12-06;84202;1.9271198318149965;3.389468183653595;0.06531911356024797
Aragon;74534;2360.0;2020-12-06;1329391;3.1663401937370863;5.606627395551798;0.17752489673843136
Asturias;24175;1073.0;2020-12-06;1018784;4.43846949327818;2.37292694035242;0.10532163834532147
Baleares;25288;425.0;2020-12-06;1171543;1.6806390382790257;2.1585208566821703;0.036276944166795416
Pais Vasco;99716;2568.0;2020-12-06;2220504;2.575313891451723;4.490692203211523;0.1156494201316458
Canarias;21753;346.0;2020-12-06;2175952;1.590585206638165;0.9997003610373758;0.015901086053368825
Cantabria;15903;324.0;2020-12-06;582905;2.037351443123939;2.7282318731182613;0.05558367143874216
Castilla-La Mancha;87956;3825.0;2020-12-06;2045221;4.348765291736777;4.300562139739422;0.18702135368256045
Castilla-Leon;123433;4647.0;2020-12-06;2394918;3.764795476088242;5.1539551667322225;0.19403587095675093
Valencia;108586;2444.0;2020-12-06;5057353;2.250750557162065;2.14709157142086;0.04832567550653474
Navarra;40611;914.0;2020-12-13;2175952;2.2506217527270937;1.8663555078420848;0.04200460304271418
Pais Vasco;102762;2666.0;2020-12-13;2220504;2.5943442128413228;4.627868267744621;0.12006283258215251
Andalucia;244828;4524.0;2020-12-13;8464411;1.8478278628261473;2.892439887429852;0.05344731015542605
Aragon;75638;2450.0;2020-12-13;1329391;3.2391126153520715;5.689672940466725;0.18429491398693085
Asturias;25159;1211.0;2020-12-13;1018784;4.813386859573115;2.4695126739328455;0.11886719854257624
Baleares;26888;427.0;2020-12-13;1171543;1.5880690270752753;2.295092881780694;0.03644765919816857
Valencia;115386;2548.0;2020-12-13;5057353;2.2082401677846533;2.281549261046243;0.050382087230217074
Canarias;22943;358.0;2020-12-13;2175952;1.5603887896090312;1.0543890674058987;0.016452568806664854
Cantabria;16532;340.0;2020-12-13;582905;2.056617469150738;2.8361396797076712;0.05832854410238375
Castilla-La Mancha;90337;3895.0;2020-12-13;2045221;4.311633107143252;4.416979876502344;0.1904439666911302
Cataluña;317636;8330.0;2020-12-13;7780479;2.622498709214321;4.082473585495186;0.10706281708362686
Total;1730575;47624.0;2020-12-13;48965550;2.7519177152102623;3.5342705228471853;0.09726021662168606
Ceuta;2907;56.0;2020-12-13;84202;1.9263845889232887;3.452412056720743;0.06650673380679793
Extremadura;30106;996.0;2020-12-13;1063987;3.3083106357536702;2.829545849714329;0.09361016628962572
Galicia;53732;1287.0;2020-12-13;2701819;2.395220725080027;1.988734256439828;0.04763457507701293
La Rioja;17184;573.0;2020-12-13;319914;3.3344972067039107;5.371443575460905;0.17911063598342056
Madrid;361368;11537.0;2020-12-13;6779888;3.1925903787828473;5.329999551615012;0.17016505287402978
Melilla;4242;42.0;2020-12-13;87076;0.9900990099009901;4.871606412788828;0.04823372685929533
Murcia;56087;658.0;2020-12-13;1511251;1.1731773851338099;3.7112961381001566;0.04354008698753549
Castilla-Leon;126229;4812.0;2020-12-13;2394918;3.8121192435969546;5.270702378954102;0.2009254596608318
Andalucia;252256;4723.0;2020-12-20;8464411;1.8723043257643028;2.9801955505232436;0.055798330208681975
Total;1797236;48926.0;2020-12-20;48965550;2.7222913407031686;3.670409093740395;0.09991922892727642
Pais Vasco;106126;2777.0;2020-12-20;2220504;2.6167009027005634;4.7793654053314025;0.12506169770466524
Murcia;57378;698.0;2020-12-20;1511251;1.2164941266687581;3.7967220534510813;0.04618690078616987
Melilla;4367;43.0;2020-12-20;87076;0.984657659720632;5.015159171298635;0.04938214892737379
Madrid;374114;11637.0;2020-12-20;6779888;3.1105491908883387;5.51799675746856;0.17164000349268307
Navarra;41272;929.0;2020-12-20;2175952;2.2509207210699747;1.8967330161694744;0.04269395648433421
Extremadura;31939;1029.0;2020-12-20;1063987;3.221766492376092;3.001822390687104;0.09671170794380006
Aragon;77112;2535.0;2020-12-20;1329391;3.2874260815437286;5.800550778514372;0.19068881916606928
Asturias;26046;1276.0;2020-12-20;1018784;4.899024802272902;2.556577252881867;0.12524735370794987
Baleares;29423;437.0;2020-12-20;1171543;1.4852326411310879;2.5114741840461683;0.037301234355034345
Valencia;126750;2683.0;2020-12-20;5057353;2.1167652859960553;2.5062517882378392;0.05305146783307394
Canarias;24531;378.0;2020-12-20;2175952;1.5409074232603643;1.1273686184254064;0.0173717067288249
Cantabria;17048;362.0;2020-12-20;582905;2.1234162365086813;2.9246618231101125;0.06210274401489094
La Rioja;17553;577.0;2020-12-20;319914;3.2871873753774286;5.486787074026145;0.18036097201122803
Galicia;56377;1314.0;2020-12-20;2701819;2.3307377121875943;2.0866312658249866;0.048633901826880335
Castilla-La Mancha;93870;4009.0;2020-12-20;2045221;4.270800042612123;4.589724044492013;0.19601793644794377
Castilla-Leon;128932;4951.0;2020-12-20;2394918;3.8400086867496044;5.383566368451864;0.20672941620548177
Cataluña;329175;8511.0;2020-12-20;7780479;2.585554796081112;4.2307806498802965;0.10938915200465164
Ceuta;2967;57.0;2020-12-20;84202;1.9211324570273003;3.5236692715137408;0.06769435405334791
Galicia;58470;1335.0;2020-12-27;2701819;2.28322216521293;2.164097594990634;0.049411155965666094
Extremadura;34071;1044.0;2020-12-27;1063987;3.0641894866602097;3.2022007787689137;0.0981214996047884
Ceuta;2991;59.0;2020-12-27;84202;1.972584419926446;3.55217215743094;0.07006959454644783
Cataluña;340993;8608.0;2020-12-27;7780479;2.52439199631664;4.382673611740357;0.11063586187945498
Castilla-Leon;130570;5021.0;2020-12-27;2394918;3.845446886727426;5.451961194496012;0.20965227201933428
Castilla-La Mancha;97015;4059.0;2020-12-27;2045221;4.183889089316085;4.743497157519896;0.19846266002549356
Canarias;25532;398.0;2020-12-27;2175952;1.5588281372395425;1.173371471429517;0.018290844650984947
Valencia;136908;2778.0;2020-12-27;5057353;2.0290998334648083;2.7071078487105806;0.054929920849899144
Baleares;32320;452.0;2020-12-27;1171543;1.3985148514851484;2.758754906990183;0.03858159709033301
Asturias;26565;1313.0;2020-12-27;1018784;4.942593638245812;2.6075203379715424;0.12887913434054715
Aragon;78124;2584.0;2020-12-27;1329391;3.3075623367979112;5.876675861353056;0.1943747174458079
Andalucia;257755;4950.0;2020-12-27;8464411;1.9204283137087543;3.0451616775225117;0.058480147053350785
Cantabria;17398;365.0;2020-12-27;582905;2.097942292217496;2.984705912627272;0.06261740763932373
La Rioja;17908;581.0;2020-12-27;319914;3.244360062541881;5.597754396494058;0.1816113080390355
Pais Vasco;108287;2881.0;2020-12-27;2220504;2.6605225003924757;4.876685653347168;0.1297453190807132
Melilla;4411;43.0;2020-12-27;87076;0.974835638177284;5.065689742294088;0.04938214892737379
Murcia;58232;716.0;2020-12-27;1511251;1.2295645006182168;3.8532315280519254;0.04737796699555534
Madrid;385625;11687.0;2020-12-27;6779888;3.0306645056726094;5.68777832318174;0.1723774788020097
Navarra;41776;950.0;2020-12-27;2175952;2.2740329375718114;1.9198952918079075;0.04365905130260226
Total;1854951;49824.0;2020-12-27;48965550;2.6860008701038462;3.7882776768564836;0.10175317136231493
